id;Наименование;URL;Регулярная цена;Промо цена;Бренд
604906745;Кофе Monarch Day&Night декофеинизированный растворимый, 95г;https://online.metro-cc.ru/products/kofe-monarch-daynight-dekofeinizirovannyy-rastvorimyy-95g;369;449;MONARCH
466552;Кофе Nescafe Gold растворимый сублимированный, 500г;https://online.metro-cc.ru/products/nescafe-sublimirovannyj-gold-500g;1099;1669;NESCAFE
604946924;Кофе Жокей триумф растворимый (2г x 100шт), 200г;https://online.metro-cc.ru/products/100shth2g-kofe-zhokey-triumf-rastvorimyy;709;-;ЖОКЕЙ
595932013;Кофе Monarch Gold растворимый, 95г;https://online.metro-cc.ru/products/95g-kofe-monarch-gold-rastvorimyy-st;359;-;MONARCH
564375;Кофе Nescafe Classic растворимый, 500г;https://online.metro-cc.ru/products/nescafe-classic-paket-500g;699;959;NESCAFE
607401938;Кофе Monarch Crema натуральный жареный в зернах, 1кг;https://online.metro-cc.ru/products/1kg-kofe-monarch-crema-zharenyy-v-zyornah;1399;1599;MONARCH
604906910;Кофе Monarch Original растворимый, 270г;https://online.metro-cc.ru/products/kofe-monarch-original-rastvorimyy-270g;699;749;MONARCH
616405889;Кофе Carte Noire растворимый сублимированный (1.8г x 30шт), 54г;https://online.metro-cc.ru/products/30shtx18g-kofe-carte-noire-rastvorimyy-sublimirovannyy;399;-;CARTE NOIRE
578307;Кофе Jardin Dessert Capuccino в зернах, 1кг;https://online.metro-cc.ru/products/jardin-dessert-capuccino-1000g;1699;-;JARDIN
604932681;Кофе Torabika капучино растворимый (25.5г x 20шт), 510г;https://online.metro-cc.ru/products/20shtx255g-kofe-torabica-kapuchino-rastvorimyy;329;349;TORABIKA
603204800;Кофе в капсулах Verle Classic Mousse для кофемашин Nespresso 10шт, 55г;https://online.metro-cc.ru/products/kofe-verle-classic-mousse-v-kapsulah-55g-x-10sht-55g;359;-;VERLE
607468824;Кофе Coffesso Brazil Alto молотый (10г x 5шт), 50г;https://online.metro-cc.ru/products/5shth10g-kofe-coffesso-brazil-alto-molotyy-drip-paket;199;237;COFFESSO
608945521;Кофе Живой кофе мокка молотый, 200г;https://online.metro-cc.ru/products/kofe-zhivoy-kofe-mokka-molotyy-200g;299;419;ЖИВОЙ КОФЕ
552327;Кофе Julius Meinl Юбилейный молотый, 250г;https://online.metro-cc.ru/products/yubilejnyj-julius-meinl-250-g;579;-;JULIUS MEINL
601742908;Кофе Жокей Триумф растворимый, 280г;https://online.metro-cc.ru/products/280g-kofe-zhokey-triumf-rastvorimyy;549;769;ЖОКЕЙ
605166164;Кофе Miscela D'Oro Espresso Robusto в зернах, 1кг;https://online.metro-cc.ru/products/kofe-miscela-doro-espresso-robusto-v-zernah-1kg;1699;1789;MISCELA D'ORO
607370435;Напиток кофейный Monarch Classic 3в1 растворимый (13.5г x 50шт), 675г;https://online.metro-cc.ru/products/napitok-kofeynyy-monarch-classic-3v1-rastvorimyy-135g-x-50sht-675g;589;939;MONARCH
566679863;Кофе Coferium Gold selection в зернах, 1кг;https://online.metro-cc.ru/products/1kg-kofe-coferium-gold-selection-v-zernah;1190;1329;COFERIUM
554141;RIOBA Кофе в капсулах Dolce Gusto Grande Intenso 16шт, 112г;https://online.metro-cc.ru/products/rioba-dolce-gusto-grande-intenso-16sht;399;519;RIOBA
515234;Кофе Nescafe Gold растворимый сублимированный с добавлением натурального жареного молотого кофе, 750г;https://online.metro-cc.ru/products/nescafe-s-dobavleniem-naturalnogo-zharenogo-molotogo-gold-750g;1599;2419;NESCAFE
132626;Напиток кофейный MacCoffee The Original coffee mix 3в1 порционный растворимый, 2кг x 10 шт;https://online.metro-cc.ru/products/maccoffee-porcionnyj-rastvorimyj-the-original-coffee-mix-3v1-100-stikov;11990;-;MACCOFFEE
489885056;Кофе Fresco Arabica Blend в зернах, 200г;https://online.metro-cc.ru/products/200g-kofe-fresco-arabica-blend-zerno;359;-;FRESCO
581461;Кофе Fresco Blend в зернах, 1кг;https://online.metro-cc.ru/products/fresco-blend-1000g;1149;1299;FRESCO
600788130;Кофе в капсулах Carte Noire Lungo Profond для кофемашин Nespresso 10шт, 52г;https://online.metro-cc.ru/products/10shth52g-kofe-carte-noire-lungo-profond-v-kapsulah;379;449;CARTE NOIRE
565600;Набор кофе в капсулах Coffesso для кофемашин Nespresso ассорти 50шт, 250г;https://online.metro-cc.ru/products/coffesso-nabor-v-kapsulah-50-sht-h-5-g;1099;1309;COFFESSO
537942;Кофе Bushido Sensei в зернах, 227г;https://online.metro-cc.ru/products/bushido-sensei-227g;699;-;BUSHIDO
463535;Кофе Egoiste Noir растворимый сублимированный, 100г;https://online.metro-cc.ru/products/egoiste-sublimirovannyj-noir-100g;469;599;EGOISTE
471502;Кофе Illy темная обжарка в зернах, 250г;https://online.metro-cc.ru/products/v-zernah-illy-temnaya-obzharka-250g;1149;;ILLY
601742808;Кофе Jardin Колумбия Меделлин растворимый, 75г;https://online.metro-cc.ru/products/75g-kofe-jardin-kolumbiya-medellin-rastvorimyy;276;-;JARDIN
608942181;Кофе Alta Roma Rwanda зерновой, 1кг;https://online.metro-cc.ru/products/1kg-kofe-alta-roma-rwanda-zernovoy;2199;2359;ALTA ROMA
651806;Кофе Egoiste Double Espresso растворимый, 70г;https://online.metro-cc.ru/products/egoiste-double-espresso-70g;249;329;EGOISTE
607505822;RIOBA Кофе в капсулах Dolce Gusto Latte Macciato 8 порций 16 капсул, 192г х 3 шт;https://online.metro-cc.ru/products/rioba-kofe-v-kapsulah-dolce-gusto-latte-macciato-8-portsiy-16-kapsul-192g-h-3-sht;1587;-;RIOBA
375793;Кофе Jardin Espresso di Milano натуральный молотый жареный, 250г;https://online.metro-cc.ru/products/jardin-naturalnyj-zharenyj-espresso-di-milano-250g;459;-;JARDIN
507876;Кофе Egoiste Espresso в зернах, 250г;https://online.metro-cc.ru/products/egoiste-espresso-250g;499;639;EGOISTE
447980;Кофе Egoiste Very Special растворимый сублимированный, 100г;https://online.metro-cc.ru/products/egoiste-sublimirovannyj-very-special-100g;1069;-;EGOISTE
600955609;Напиток кофейный MacCoffee Latte карамель порционный (22г x 20шт), 440г;https://online.metro-cc.ru/products/20shth22g-kofe-maccoffee-latte-karamel-portsionnyy;299;329;MACCOFFEE
395909;Кофе Nescafe Classic Crema растворимый, 95г;https://online.metro-cc.ru/products/nescafe-classic-crema-95-g;239;-;NESCAFE
595388363;Кофе в капсулах Absolut Drive Cappuccino with milk для кофемашин Dolce Gusto 16шт, 184г;https://online.metro-cc.ru/products/8shth6g8shth17g-kofe-absolut-kapuchino-kapsuly-dg;419;469;ABSOLUT
513152044;Кофе Jardin Oro в зернах, 1кг;https://online.metro-cc.ru/products/1kg-kofe-jardin-original-oro-zernovoy;1969;-;JARDIN
550969018;Кофе Черная Карта в зернах, 250г;https://online.metro-cc.ru/products/250g-kofe-chernaya-karta-zerno;249;284;ЧЕРНАЯ КАРТА
366644;Кофе Egoiste Platinum, 100г;https://online.metro-cc.ru/products/egoiste-platinum-100-g;1099;-;EGOISTE
612455;Кофе в капсулах Jardin Andante Strong&Velvet для кофемашин Nespresso 10шт, 50г;https://online.metro-cc.ru/products/10h5g-jardin-andante;279;409;JARDIN
560305485;Кофе Poetti Leggenda Espresso в зернах, 1кг;https://online.metro-cc.ru/products/1kg-kofe-poetti-leggenda-espresso-v-zernah;1399;1669;POETTI
1464910;Напиток кофейный Nescafe Strong 3в1 20 пакетиков, 290г;https://online.metro-cc.ru/products/20x145g-kofejnyj-napitok-nescafe-3v1-krepkij;249;309;NESCAFE
603221212;Кофе Tchibo Gold selection растворимый, 150г;https://online.metro-cc.ru/products/150g-kofe-tchibo-gold-selection-rastvorimyy;399;449;TCHIBO
541759;Кофе Egoiste Truffle растворимый сублимированный, 95г;https://online.metro-cc.ru/products/kofe-egoiste-truffle-rastvorimyy-sublimirovannyy-95g;999;-;EGOISTE
173790;Напиток кофейный MacCoffee The Original coffee mix 3 в 1 растворимый 100 пакетиков, 2кг;https://online.metro-cc.ru/products/maccoffee-napitok-kofejnyj-porcionnyj-the-original-coffee-mix-3v1-100-20g;1349;1429;MACCOFFEE
157992;Кофе Jardin Guatemala Atitlan растворимый, 150г;https://online.metro-cc.ru/products/jardin-guatemala-atitlan-150g;499;-;JARDIN
601629458;Кофе Fresco Arabica blend растворимый, 190г;https://online.metro-cc.ru/products/kofe-fresco-arabica-blend-rastvorimyy-190g;449;529;FRESCO
601741148;Кофе Жокей Триумф растворимый, 75г;https://online.metro-cc.ru/products/75g-kofe-zhokey-triumf-rastvorimyy;211;-;ЖОКЕЙ
1607429;Напиток кофейный Jacobs 3в1 Крепкий 50 пакетиков, 675г;https://online.metro-cc.ru/products/napitok-kofeynyy-jacobs-3v1-krepkiy-50x135g;619;699;JACOBS
361549;Кофе Fresco Arabica Doppio молотый в растворимом, 100г;https://online.metro-cc.ru/products/fresco-naturalnyj-s-dobavleniem-naturalnogo-zharenogo-molotogo-arabica-doppio-100g;269;379;FRESCO
605023373;Кофе Julius Meinl Buonaroma молотый, 220г;https://online.metro-cc.ru/products/kofe-julius-meinl-buonaroma-molotyy-220g;519;-;JULIUS MEINL
498071;Кофе Kimbo Aroma Gold Arabica в зернах, 1кг;https://online.metro-cc.ru/products/kimbo-v-zernah-aroma-gold-arabica-1kg;2199;2349;KIMBO
607273859;Кофе Monarch Original жареный в зернах, 800г;https://online.metro-cc.ru/products/800g-kofe-monarch-original-zharenyy-v-zyornah;1299;1499;MONARCH
612470;Кофе в капсулах Jardin Allonge Smooth&Silky для кофемашин Nespresso 10шт, 50г;https://online.metro-cc.ru/products/10h5g-jardin-allonge;279;409;JARDIN
600784860;Кофе в капсулах Carte Noire Riche Espresso для кофемашин Nespresso 10шт, 52г;https://online.metro-cc.ru/products/10shth52g-kofe-carte-noire-riche-espresso-v-kapsulah;379;449;CARTE NOIRE
591994062;Кофе в капсулах Carraro Dolci arabica для кофемашин Nespresso 10шт, 55г;https://online.metro-cc.ru/products/10shtx55g-kofe-carraro-v-alyum-kapsulah-dolci-arabica;369;439;CARRARO
538580;Кофе Illy Guatemala arabica selection в зернах, 250г;https://online.metro-cc.ru/products/v-zernah-illy-guatemala-zh-b-250-g;1149;;ILLY
567389;Кофе Nescafe Classic растворимый, 95г;https://online.metro-cc.ru/products/nescafe-classic-naturalnyj-st-b-95g;219;239;NESCAFE
145767;Кофе Черная Карта Brasilia Exclusive растворимый сублимированный, 95г;https://online.metro-cc.ru/products/chernaya-karta-sublimirovannyj-brasilia-exclusive-95g;269;295;ЧЕРНАЯ КАРТА
600926871;Кофе Alta Roma Caffe Latte в зернах, 1кг;https://online.metro-cc.ru/products/kofe-alta-roma-caffe-latte-v-zernakh-1kg;989;1059;ALTA ROMA
573978677;Кофе Julius Meinl Cafe Crema Gourmet в зернах, 1кг;https://online.metro-cc.ru/products/1kg-kofe-julius-meinl-cafe-crema-gourmet-zerno;1859;-;JULIUS MEINL
614756;RIOBA Кофе в капсулах Intenso для кофемашин Nespresso 11шт, 55г x 10 шт;https://online.metro-cc.ru/products/rioba-dlya-kofemashin-intenso-11x5g-120484;2790;-;RIOBA
87726;RIOBA Кофе в зернах натуральный жареный 80:20, 1кг;https://online.metro-cc.ru/products/rioba-v-zernah-naturalnyj-zharenyj-gold-1kg;1149;1529;RIOBA
478821;Кофе Egoiste Noir молотый, 250г x 12 шт;https://online.metro-cc.ru/products/egoiste-noir-250g;8028;-;EGOISTE
557382743;Кофе Nescafe Classic Crema растворимый, 190г;https://online.metro-cc.ru/products/190g-kofe-nescafe-classic-crema-rastvorimyy-st-banka;369;459;NESCAFE
180315;Кофе Alta Roma Espresso в зернах, 1кг;https://online.metro-cc.ru/products/kofe-alta-roma-espresso-v-zernakh-1kg;929;1049;ALTA ROMA
87727;RIOBA Кофе в зернах натуральный жареный Silver, 1кг;https://online.metro-cc.ru/products/rioba-v-zernah-naturalnyj-zharenyj-silver-1kg;1049;1419;RIOBA
96443;Кофе Kimbo Superior Blend натуральный жареный в зернах, 1кг;https://online.metro-cc.ru/products/kimbo-v-zernah-naturalnyj-zharenyj-superior-blend-1kg;1899;2119;KIMBO
123104;Кофе Nescafe Gold растворимый, 190г;https://online.metro-cc.ru/products/nescafe-gold-190g;599;699;NESCAFE
605972;Кофе в капсулах L’or Espresso Ristretto для кофемашин Nespresso 10шт, 52г x 10 шт;https://online.metro-cc.ru/products/52g-l-rsquoor-ristretto;3990;-;L'OR
614825;RIOBA Кофе в капсулах Delicato для кофемашин Nespresso 11шт, 55г x 10 шт;https://online.metro-cc.ru/products/rioba-dlya-kofemashin-delicato-10x5g-120485;2790;-;RIOBA
373072;RIOBA Кофе в капсулах Intenso для кофемашин Nespresso 11шт, 55г;https://online.metro-cc.ru/products/rioba-dlya-kofemashin-intenso-11x5g;229;297;RIOBA
595932068;Кофе Monarch Original растворимый, 47.5г;https://online.metro-cc.ru/products/475g-kofe-monarch-original-rastvorimyy-st;179;237;MONARCH
478245;Кофе Jardin Americano Crema натуральный жареный молотый, 250г;https://online.metro-cc.ru/products/jardin-almericano-crema-naturalnyj-zharenyj-250g;489;-;JARDIN
601629463;Кофе Fresco Arabica solo молотый для чашек и турок, 250г;https://online.metro-cc.ru/products/kofe-fresco-arabica-solo-molotyy-dlya-chashek-i-turok-250g;299;339;FRESCO
366062;Кофе Bushido Black Katana растворимый, 100г;https://online.metro-cc.ru/products/bushido-sublimirovannyj-black-katana-100g;1039;-;BUSHIDO
607441475;Кофе в капсулах Monarch Espresso 10 Intenso для кофемашин Nespresso 10шт, 52г;https://online.metro-cc.ru/products/10shth52g-kofe-monarch-espresso-10-intenso-molotyy-kapsuly;299;389;MONARCH
600784905;Кофе в капсулах Lebo Latte macchiato для кофемашин Dolce Gusto 16шт, 172г;https://online.metro-cc.ru/products/8shth65g8shth15g-kofe-lebo-latte-macchiato-v-kapsulah;599;629;LEBO
604934011;Кофе Torabika Brown растворимый (25г x 20шт), 500г;https://online.metro-cc.ru/products/20shtx25g-kofe-torabica-braun-rastvorimyy;279;293;TORABIKA
601742838;Кофе Piazza del Caffe Espresso Forte в зернах, 1кг;https://online.metro-cc.ru/products/1kg-kofe-piazza-del-caffe-espresso-forte-zerno;1179;-;PIAZZA DEL CAFFE
559481;Кофе Dallmayr Espresso d`Oro в зернах, 1кг;https://online.metro-cc.ru/products/art-44940;1889;2299;DALLMAYR
608586466;Кофе Fresco Espresso Italiano зерновой, 900г;https://online.metro-cc.ru/products/kofe-fresco-espresso-italiano-zernovoy-900g;949;1049;FRESCO
601245368;Кофе Italco Espresso Italiano в зернах, 1кг;https://online.metro-cc.ru/products/1kg-kofe-italco-espresso-italiano-v-zernah;1499;1789;ITALCO
601627753;Кофе Fresco Arabica blend молотый, 250г;https://online.metro-cc.ru/products/kofe-fresco-arabica-blend-molotyy-250g;299;339;FRESCO
560870;Кофе Egoiste Espresso в зернах, 1кг;https://online.metro-cc.ru/products/egoiste-espresso-1000g;1599;2349;EGOISTE
593826;Кофе Egoiste трюфель крема в зернах, 1кг;https://online.metro-cc.ru/products/kofe-v-zernah-egoiste-tryufel-krema-1kg;1599;2199;EGOISTE
179567;Кофе Jardin Colombia Medellin натуральный растворимый сублимированный, 95г;https://online.metro-cc.ru/products/jardin-naturalnyj-sublimirovannyj-colombia-medellin-95g;249;271;JARDIN
566714568;Кофе Coferium White roast в зернах, 1кг;https://online.metro-cc.ru/products/1kg-kofe-coferium-white-roast-v-zernah;1199;1469;COFERIUM
612272;Кофе в капсулах Jardin Vivo Mild&Fruity для кофемашин Nespresso 10шт, 50г;https://online.metro-cc.ru/products/10h5g-jardin-vivo;279;409;JARDIN
612389;Кофе в капсулах Jardin Ristretto Intense&Full Bodied для кофемашин Nespresso 10шт, 50г;https://online.metro-cc.ru/products/10h5g-jardin-ristretto;279;409;JARDIN
600926916;Кофе Carte Noire Voyage au Bresil растворимый, 90г;https://online.metro-cc.ru/products/90g-kofe-carte-noire-voyage-au-bresil-rastvorimyy-stb;479;559;CARTE NOIRE
607466539;Кофе в капсулах Coffesso Latte Macchiato для кофемашин Dolce Gusto 16шт, 172г;https://online.metro-cc.ru/products/8shth55g8shth16g-kofe-coffesso-latte-macchiato-kapsuly;459;549;COFFESSO
607468929;Кофе Coffesso Classico молотый (9г x 5шт), 45г;https://online.metro-cc.ru/products/5shth9g-kofe-coffesso-classico-molotyy-drip-paket;169;202;COFFESSO
604908590;Кофе Monarch Velour растворимый, 95г;https://online.metro-cc.ru/products/kofe-monarch-velour-rastvorimyy-95g;269;295;MONARCH
97938;Кофе Carte Noire Original растворимый сублимированный, 150г;https://online.metro-cc.ru/products/carte-noire-sublimirovannyj-original-150g;769;889;CARTE NOIRE
511257;Кофе в капсулах L’or Espresso Splendente для кофемашин Nespresso 10шт, 52г;https://online.metro-cc.ru/products/lor-espresso-52-g;379;439;L'OR
605166219;Кофе Miscela D'Oro Espresso Gusto Classico в зернах, 1кг;https://online.metro-cc.ru/products/kofe-miscela-doro-espresso-gusto-classico-v-zernah-1kg;2399;2769;MISCELA D'ORO
596069877;Кофе MacCoffee Capuccino Di torino растворимый (25.5г x 20шт), 510г;https://online.metro-cc.ru/products/20shtx255g-kofe-maccoffee-cappuccino-di-torino-rastv;349;449;MACCOFFEE
577733;Кофе Nescafe Gold Aroma Intenso растворимый, 85г;https://online.metro-cc.ru/products/kofe-nescafe-gold-aroma-intens-rastvorimyj-poroshkoobraznyj-85-g;299;499;NESCAFE
560399750;Кофе Poetti Leggenda Original в зернах, 250г;https://online.metro-cc.ru/products/250g-kofe-poetti-leggenda-original-v-zernah;399;469;POETTI
538396;Кофе Illy Etiopia arabica selection в зернах, 250г;https://online.metro-cc.ru/products/illy-arabika-selekshen-efiopiya-250-g;1149;;ILLY
580112;Кофе в капсулах Julius Meinl Espresso Crema Bio для кофемашин Nespresso 10шт, 56г;https://online.metro-cc.ru/products/julius-meinl-espresso-krema-10sht;449;619;JULIUS MEINL
604945259;Кофе Jardin Guatemala Atitlan растворимый, 190г;https://online.metro-cc.ru/products/190g-kofe-jardin-guatemala-atitlan-rastvorimyy-stb;449;799;JARDIN
612341;Кофе Жокей Классический молотый, 450г;https://online.metro-cc.ru/products/450g-zhokej-klassicheskij-mol;449;729;ЖОКЕЙ
604934066;Кофе Torabika Creamy Latte растворимый (30г x 20шт), 600г;https://online.metro-cc.ru/products/20shtx30g-kofe-torabica-creamy-latte-rastvorimyy;339;399;TORABIKA
600786545;Напиток кофейный Carte Noire Cappuccino растворимый 20 пакетиков, 300г;https://online.metro-cc.ru/products/20shth15g-nap-kofeynyy-carte-noire-cappuccino-rastv-ports;499;589;CARTE NOIRE
616405984;Кофе Monarch капучино растворимый (15г x 20шт), 300г;https://online.metro-cc.ru/products/20shth15g-kofe-monarch-kapuchino-rastvorimyy;699;-;MONARCH
184289;Кофе Жокей Триумф растворимый сублимированный, 95г;https://online.metro-cc.ru/products/zhokej-triumf-95g;259;-;ЖОКЕЙ
372871;RIOBA Кофе в капсулах Delicato для кофемашин Nespresso 11шт, 55г;https://online.metro-cc.ru/products/rioba-dlya-kofemashin-delicato-10x5g;229;297;RIOBA
595935443;Кофе Monarch Intense растворимый, 95г;https://online.metro-cc.ru/products/95g-kofe-monarch-intense-rastvorimyy-st;289;359;MONARCH
612575;Кофе Жокей Ирландские сливки молотый, 150г;https://online.metro-cc.ru/products/150g-zhokej-irlandskie-slivki-mol;359;-;ЖОКЕЙ
557327248;Напиток кофейный Nescafe Cappuccino порционный растворимый (18г x 20шт), 360г;https://online.metro-cc.ru/products/20shth18g-kofeynyy-nap-nescafe-kapuchino-ports-rastv;449;589;NESCAFE
463263;Кофе Ambassador Platinum в зернах, 1кг;https://online.metro-cc.ru/products/ambassador-naturalnyj-zharenyj-platinum-1kg;999;1239;AMBASSADOR
554062;RIOBA Кофе в капсулах Dolce Gusto Espresso 16шт, 112г;https://online.metro-cc.ru/products/rioba-dolce-gusto-espresso-16sht;399;519;RIOBA
603139941;Кофе Verle Decaf в дрип-пакетах 6шт, 66г;https://online.metro-cc.ru/products/6shth11g-kofe-verle-decaf-v-drip-paketah;529;-;VERLE
605166189;Кофе Miscela D'Oro Espresso Intenso в зернах, 1кг;https://online.metro-cc.ru/products/kofe-miscela-doro-espresso-intenso-v-zernah-1kg;1599;1679;MISCELA D'ORO
553914;RIOBA Кофе в капсулах Dolce Gusto Americano 16шт, 112г;https://online.metro-cc.ru/products/rioba-dolce-gusto-americano-16sht;399;519;RIOBA
605783;Кофе в капсулах L’or Espresso Lungo Profondo для кофемашин Nespresso 10шт, 52г x 10 шт;https://online.metro-cc.ru/products/52g-l-rsquoor-lungo-profondo;3990;-;L'OR
538204;Кофе Illy Brazil arabica selection в зернах, 250г;https://online.metro-cc.ru/products/illy-arabika-250-g;1149;;ILLY
86560;Кофе Carte Noire Instinct растворимый, 95г;https://online.metro-cc.ru/products/art-260443;449;-;CARTE NOIRE
601434881;Кофе Черная Карта молотый для турки, 250г;https://online.metro-cc.ru/products/250-kofe-chernaya-karta-molotyy-dlya-turki;199;217;ЧЕРНАЯ КАРТА
604905195;Кофе Monarch Original растворимый, 210г;https://online.metro-cc.ru/products/kofe-monarch-original-rastvorimyy-210g;499;699;MONARCH
180906;Кофе Carte Noire Original растворимый сублимированный, 75г;https://online.metro-cc.ru/products/art-426443;399;469;CARTE NOIRE
607505832;RIOBA Кофе в капсулах Dolce Gusto Americano 16шт, 112г х 3 шт;https://online.metro-cc.ru/products/rioba-kofe-v-kapsulah-dolce-gusto-americano-16sht-112g-h-3-sht;1587;-;RIOBA
557327173;Кофе Nescafe Classic растворимый, 190г;https://online.metro-cc.ru/products/190g-kofe-nescafe-classic-rastvorimyy-stekl-banka;349;459;NESCAFE
603237412;Кофе Fresco Liberty в зернах, 900г;https://online.metro-cc.ru/products/900g-kofe-fresco-liberty-zerno;999;1189;FRESCO
106646;Кофе Egoiste Special растворимый сублимированный с молотым, 100г;https://online.metro-cc.ru/products/egoiste-sublimirovannnyj-s-molotym-special-100g;899;-;EGOISTE
604908560;Кофе Monarch Milligrano растворимый с молотым, 200г;https://online.metro-cc.ru/products/kofe-monarch-milligrano-rastvorimyy-s-molotym-200g;509;-;MONARCH
608945401;Кофе Alta Roma Blend №3, 1кг;https://online.metro-cc.ru/products/1kg-kofe-alta-roma-blend-3-zernovoy;1499;1769;ALTA ROMA
557382043;Кофе Черная Карта молотый жареный, 250г;https://online.metro-cc.ru/products/250g-kofe-chernaya-karta-molotyy-zharenyy;239;259;ЧЕРНАЯ КАРТА
471136;RIOBA Кофе Espresso Decaffeeinated в зернах без кофеина, 500г;https://online.metro-cc.ru/products/rioba-v-zernah-naturalnyj-zharenyj-espresso-decaffeeinated-500g;809;-;RIOBA
551739;Кофе Carte Noire Privilege сублимированный, 95г;https://online.metro-cc.ru/products/carte-noire-privilege-sublimirovannyj-95-g;499;-;CARTE NOIRE
213758;Кофе Жокей классический молотый натуральный жареный, 250г;https://online.metro-cc.ru/products/zhokej-naturalnyj-zharenyj-klassicheskij-250g;369;-;ЖОКЕЙ
604946;Кофе в капсулах L’or Espresso Delizioso для кофемашин Nespresso 10шт, 52г x 10 шт;https://online.metro-cc.ru/products/52g-l-rsquoor-espr-delizioso;3990;-;L'OR
603219146;Кофе Fort в зернах, 1кг;https://online.metro-cc.ru/products/1kg-kofe-fort-zerno;769;829;FORT
193959;Кофе Jardin Kenya Kilimanjaro растворимый, 95г;https://online.metro-cc.ru/products/jardin-kenya-kilimanjaro-95-g;249;271;JARDIN
600786600;Кофе Lebo Принц Лебо молотый для турки, 100г;https://online.metro-cc.ru/products/100g-kofe-lebo-prints-lebo-molotyy-dturki;119;130;LEBO
493325;Кофе Жокей классический в зернах, 900г;https://online.metro-cc.ru/products/art-624061;1499;-;ЖОКЕЙ
140842;Кофе Lavazza Qualita Oro натуральный жареный в зернах, 1кг;https://online.metro-cc.ru/products/v-zernah-lavazza-naturalnyj-zharenyj-qualita-oro-1kg;2249;-;LAVAZZA
127393;Кофе Jardin Guatemala Atitlan натуральный растворимый, 95г;https://online.metro-cc.ru/products/jardin-guatemala-atitlan-naturalnyj-95-g;249;271;JARDIN
88276;Кофе Dallmayr Prodomo жареный в зернах, 500г;https://online.metro-cc.ru/products/dallmayr-v-zernah-naturalnyj-zharenyj-prodomo-500g;999;1229;DALLMAYR
592003517;Кофе в капсулах Lebo Espresso Collection для кофемашин Nespresso 40шт, 220г;https://online.metro-cc.ru/products/40shth55g-kofe-lebo-espresso-collection-banka;1190;1259;LEBO
373136;RIOBA Кофе в капсулах Armonioso для кофемашин Nespresso 11шт, 55г;https://online.metro-cc.ru/products/rioba-dlya-kofemashin-armonioso-10x5g;229;297;RIOBA
604908635;Кофе Monarch Gold растворимый, 190г;https://online.metro-cc.ru/products/kofe-monarch-gold-rastvorimyy-190g;599;709;MONARCH
595387873;Кофе в капсулах Absolut Drive Espresso Original для кофемашин Dolce Gusto16шт, 96г;https://online.metro-cc.ru/products/16shth6g-kofe-absolut-espresso-kapsuly-dg;419;469;ABSOLUT
604905100;Кофе Monarch Brazilian Selection растворимый, 180г;https://online.metro-cc.ru/products/kofe-monarch-brazilian-selection-rastvorimyy-180g;599;709;MONARCH
571139;Кофе Monarch Original растворимый, 130г;https://online.metro-cc.ru/products/kofe-monarch-original-rastvorimyy-130g;449;629;MONARCH
607441525;Кофе в капсулах Monarch Lungo 8 Intenso для кофемашин Nespresso 10шт, 52г;https://online.metro-cc.ru/products/10shth52g-kofe-monarch-lungo-8-intenso-molotyy-kapsuly;299;329;MONARCH
600926876;Кофе Alta Roma Caffe Latte молотый, 250г;https://online.metro-cc.ru/products/kofe-alta-roma-caffe-latte-molotiy-250g;279;293;ALTA ROMA
607370490;Напиток кофейный Monarch Strong 3в1 растворимый (13г x 50шт), 650г;https://online.metro-cc.ru/products/napitok-kofeynyy-monarch-strong-3v1-rastvorimyy-13g-x-50sht-650g;589;939;MONARCH
564424;Кофе Nescafe Classic растворимый, 190г;https://online.metro-cc.ru/products/nescafe-classic-paket-190g;289;329;NESCAFE
500285;Кофе Kimbo Intenso в зернах, 1кг;https://online.metro-cc.ru/products/kimbo-intenso-1kg;1399;1649;KIMBO
607466409;Кофе в капсулах Tassimo L'or Intense XL для кофемашин Tassimo 16шт, 136г;https://online.metro-cc.ru/products/16shth85g-kofe-tassimo-lor-xl-intense-kapsuly;599;769;TASSIMO
241085;Кофе Egoiste Noir в зернах, 250г;https://online.metro-cc.ru/products/egoiste-naturalnyj-zharenyj-v-zernah-noir-250g;499;669;EGOISTE
601739483;Кофе Jardin Gold растворимый, 95г;https://online.metro-cc.ru/products/95g-kofe-jardin-gold-rastvorimyy-stb;329;-;JARDIN
592002577;Кофе в капсулах Lebo Espresso Crema для кофемашин Nespresso 40 шт, 220г;https://online.metro-cc.ru/products/40shth55g-kofe-lebo-espresso-crema-banka;1190;1259;LEBO
507969;Кофе Egoiste Velvet молотый, 200г;https://online.metro-cc.ru/products/egoiste-velvet-200g;429;549;EGOISTE
600955584;Кофе MacCoffee Gold растворимый, 100г;https://online.metro-cc.ru/products/100g-kofe-maccoffee-gold-rastvorimyy-stb;229;297;MACCOFFEE
1465025;Напиток кофейный Nescafe Mild 3в1 20 пакетиков, 290г;https://online.metro-cc.ru/products/20x145g-kofejnyj-napitok-nescafe-3v1-myagkij;249;309;NESCAFE
607466459;Кофе Coffesso Massimo зерновой, 1кг;https://online.metro-cc.ru/products/1kg-kofe-coffesso-massimo-zerno;1319;1579;COFFESSO
600784780;Напиток кофейный Carte Noire Vanilla latte растворимый 20 пакетиков, 320г;https://online.metro-cc.ru/products/20shth16g-nap-kofeynyy-carte-noire-vanilla-latte-rastv-ports;499;589;CARTE NOIRE
562109;Кофе Fresco Arabica Solo в зернах, 1кг;https://online.metro-cc.ru/products/fresco-arabica-solo-v-zernah-1000-g;1149;1299;FRESCO
540338;Кофе Nescafe Gold растворимый, 130г;https://online.metro-cc.ru/products/nescafe-gold-rastvorimyj-130g-paket;399;419;NESCAFE
607467674;Кофе Coffesso Colombia Tinto молотый (10г x 5шт), 50г;https://online.metro-cc.ru/products/5shth10g-kofe-coffesso-colombia-tinto-molotyy-drip-paket;199;217;COFFESSO
529978;Кофе Julius Meinl Espresso Premium Collection в зернах, 1кг;https://online.metro-cc.ru/products/v-zernah-julius-meinl-espresso-premium-kollekciya-1000g;1799;1989;JULIUS MEINL
201683;Кофе Жокей Триумф растворимый сублимированный, 150г;https://online.metro-cc.ru/products/zhokej-sublimirovannyj-triumf-150g;289;309;ЖОКЕЙ
601741143;Кофе Jardin Gold растворимый, 190г;https://online.metro-cc.ru/products/190g-kofe-jardin-gold-rastvorimyy-stb;629;-;JARDIN
560305465;Кофе Poetti Leggenda Original в зернах, 1кг;https://online.metro-cc.ru/products/1kg-kofe-poetti-leggenda-original-v-zernah;1399;1669;POETTI
600925386;Кофе Alta Roma Vero в зернах, 1кг;https://online.metro-cc.ru/products/kofe-alta-roma-vero-v-zernakh-1kg;1299;1379;ALTA ROMA
131301;Кофе Жокей По-восточному молотый натуральный жареный, 250г;https://online.metro-cc.ru/products/art-373046;289;-;ЖОКЕЙ
142229;Кофе Dallmayr Crema d'Oro натуральный жареный в зернах, 1кг;https://online.metro-cc.ru/products/dallmayr-v-zernah-naturalnyj-zharenyj-crema-d-039oro-1kg;2339;-;DALLMAYR
601629453;Кофе Fresco Arabica Solo растворимый, 190г;https://online.metro-cc.ru/products/kofe-fresco-arabica-solo-rastvorimyy-190g;449;519;FRESCO
600786555;Кофе в капсулах Lebo Americano для кофемашин Dolce Gusto 16шт, 136г;https://online.metro-cc.ru/products/16shth85g-kofe-lebo-americano-v-kapsulah;629;669;LEBO
511428;Кофе в капсулах L’or Espresso Delizioso для кофемашин Nespresso 10шт, 52г;https://online.metro-cc.ru/products/lor-espresso-delizioso-52-g;379;439;L'OR
604931441;Кофе Monarch Brazilian Selection молотый, 230г;https://online.metro-cc.ru/products/230g-kofe-monarch-brazilian-selection-molotyy;349;389;MONARCH
604946929;Кофе Jardin Colombia Medellin растворимый, 240г;https://online.metro-cc.ru/products/240g-kofe-jardin-colombia-medellin-rastvorimyy;549;929;JARDIN
605747;Набор кофе в капсулах Coffesso для кофемашин Nespresso ассорти 50шт, 250г x 6 шт;https://online.metro-cc.ru/products/50h5g-coffesso-nabor;6594;-;COFFESSO
579944;Кофе в капсулах Julius Meinl Lungo Classico Bio для кофемашин Nespresso 10шт, 56г;https://online.metro-cc.ru/products/julius-meinl-lungo-classico-10-56g;449;619;JULIUS MEINL
375413;Кофе Жокей Империал натуральный растворимый сублимированный, 150г;https://online.metro-cc.ru/products/zhokej-imperial-150g;319;-;ЖОКЕЙ
201289;Кофе Julius Meinl Юбилейный в зернах, 500г;https://online.metro-cc.ru/products/julius-meinl-v-zernah-naturalnyj-zharenyj-jubileum-500g;799;889;JULIUS MEINL
491762;Кофе Carte Noire Instinct растворимый, 95г x 6 шт;https://online.metro-cc.ru/products/art-18346;2634;-;CARTE NOIRE
471503;Кофе Illy темная обжарка молотый, 250г;https://online.metro-cc.ru/products/illy-temnaya-obzharka-250g;1149;;ILLY
566597048;Кофе Coferium Strong в зернах, 1кг;https://online.metro-cc.ru/products/1kg-kofe-coferium-strong-v-zernah;929;979;COFERIUM
600786605;Кофе в капсулах Lebo Cappuccino для кофемашин Dolce Gusto 16шт, 172г;https://online.metro-cc.ru/products/8shth65g8shth15g-kofe-lebo-cappuccino-v-kapsulah;599;629;LEBO
637270;Кофе Lebo Classic молотый для турки, 200г;https://online.metro-cc.ru/products/200g-lebo-classic-dlya-turki;219;262;LEBO CLASSIC
614669;RIOBA Кофе в капсулах Forte для кофемашин Nespresso 11шт, 55г x 10 шт;https://online.metro-cc.ru/products/rioba-dlya-kofemashin-forte-10x5g-120486;2790;-;RIOBA
637835;Кофе Lebo Classic Extra молотый для турки, 100г;https://online.metro-cc.ru/products/100g-lebo-extra-dlya-turki;129;136;LEBO CLASSIC
386153;Кофе Жокей Традиционный в зернах, 900г;https://online.metro-cc.ru/products/zhokej-tradicionnyj-900g;1269;-;ЖОКЕЙ
122797;Кофе Nescafe Gold растворимый, 190г x 6 шт;https://online.metro-cc.ru/products/nescafe-sublimirovannyj-gold-190g-263145;4794;-;NESCAFE
614939;RIOBA Кофе в капсулах Cremoso для кофемашин Nespresso 11шт, 55г x 10 шт;https://online.metro-cc.ru/products/rioba-dlya-kofemashin-cremoso-11x5g-120509;2790;-;RIOBA
560399740;Кофе Poetti Daily Classic Crema в зернах, 1кг;https://online.metro-cc.ru/products/1kg-kofe-poetti-daily-classic-crema-v-zernah;1119;1339;POETTI
372752;RIOBA Кофе в капсулах Forte для кофемашин Nespresso 11шт, 55г;https://online.metro-cc.ru/products/rioba-dlya-kofemashin-forte-11x5g;229;297;RIOBA
615371;Кофе в капсулах L’or Espresso Forza для кофемашин Nespresso 10шт, 52г x 10 шт;https://online.metro-cc.ru/products/v-alyuminievyh-l-rsquoor-espresso-forza-10-shtuk-po-52-g;3990;-;L'OR
600955609;Напиток кофейный MacCoffee Latte карамель порционный (22г x 20шт), 440г;https://online.metro-cc.ru/products/20shth22g-kofe-maccoffee-latte-karamel-portsionnyy;309;329;MACCOFFEE
550964;Кофе Ambassador Blue Label в зернах, 1кг;https://online.metro-cc.ru/products/ambassador-blue-label-zernovoj-1000-g;1049;1359;AMBASSADOR
608942046;Кофе Живой кофе Rio-Rio молотый, 200г;https://online.metro-cc.ru/products/200g-zhivoy-kofe-rio-rio-molotyy;299;399;ЖИВОЙ КОФЕ
600954874;Напиток кофейный MacCoffee Capuccino Dolce Vita порционный (24г x 20шт), 480г;https://online.metro-cc.ru/products/20shth24g-kofe-maccoffee-cappuccino-dolce-vita-portsionnyy;299;329;MACCOFFEE
630253;Кофе Kimbo Caffe Crema Dolce Medium в зернах, 1кг;https://online.metro-cc.ru/products/1kg-kimbo-caffe-crema-dolce-medium;1999;2159;KIMBO
600786550;Кофе Lebo Gold в зернах, 1кг;https://online.metro-cc.ru/products/1kg-kofe-lebo-gold-v-zernah;1499;1789;LEBO
604908660;Кофе Monarch Milligrano растворимый с молотым, 90г;https://online.metro-cc.ru/products/kofe-monarch-milligrano-rastvorimyy-s-molotym-90g;299;339;MONARCH
607466344;Кофе в капсулах Tassimo L'or Classique XL для кофемашин Tassimo 16шт, 136г;https://online.metro-cc.ru/products/16shth85g-kofe-tassimo-lor-xl-classique-kapsuly;599;719;TASSIMO
389470;Кофе Ambassador Nero Espresso Roast в зернах, 1кг;https://online.metro-cc.ru/products/ambassador-v-zernah-naturalnyj-zharenyj-nero-1kg;799;919;AMBASSADOR
603237407;Кофе Fresco Horeca arabica в зернах, 1кг;https://online.metro-cc.ru/products/1kg-kofe-fresco-horeca-arabica-zerno;1099;1379;FRESCO
566612;Кофе Bushido Specialty в зернах, 227г;https://online.metro-cc.ru/products/bushido-specialty-227g-75962;639;749;BUSHIDO
614516;RIOBA Кофе в капсулах Armonioso для кофемашин Nespresso 11шт, 55г x 10 шт;https://online.metro-cc.ru/products/rioba-dlya-kofemashin-armonioso-10x5g-120510;2790;-;RIOBA
401918;Кофе Egoiste Espresso натуральный молотый жареный, 250г;https://online.metro-cc.ru/products/art-553579;499;;EGOISTE
530407;Кофе Julius Meinl Trend Collection Espresso Classico в зернах, 1кг;https://online.metro-cc.ru/products/julius-meinl-espresso-trend-1kg;1499;1869;JULIUS MEINL
614972;RIOBA Кофе в капсулах Decaffeinato без кофеина для кофемашин Nespresso 11шт, 55г x 10 шт;https://online.metro-cc.ru/products/rioba-dlya-kofemashin-decaffein-11x5g-120511;2790;-;RIOBA
562710620;Кофе Carte Noire Crema Delice в зернах, 800г;https://online.metro-cc.ru/products/800g-kofe-carte-noire-crema-delice-zerno;1299;1429;CARTE NOIRE
608942096;Кофе Alta Roma Blend №1, 1кг;https://online.metro-cc.ru/products/1kg-kofe-alta-roma-blend-1-zernovoy;1399;1529;ALTA ROMA
637640;Кофе Lebo Classic молотый для турки, 100г;https://online.metro-cc.ru/products/100g-lebo-classic-dlya-turki;109;128;LEBO CLASSIC
369007168;Кофе Bushido Light Katana растворимый, 100г;https://online.metro-cc.ru/products/100g-kofe-bushido-light-katana-rastvorimyy;1049;-;BUSHIDO
601739463;Кофе Jardin Гватемала Атитлан растворимый, 75г;https://online.metro-cc.ru/products/75g-kofe-jardin-gvatemala-atitlan-rastvorimyy;249;-;JARDIN
560090;Кофе Origo Imperial Wiener Mischung в зернах, 1кг;https://online.metro-cc.ru/products/art-44438;2939;-;ORIGO
604932641;Кофе Monarch Brazilian Selection в зернах, 800г;https://online.metro-cc.ru/products/800g-kofe-monarch-brazilian-selection-zerno;1090;1159;MONARCH
607374265;Кофе Jardin Mocaccino 3в1 (18г x 8шт), 144г;https://online.metro-cc.ru/products/8shth18g-kofe-jardin-mokachino-3v1;269;-;JARDIN
538133;Кофе Egoiste Noir растворимый, 70г;https://online.metro-cc.ru/products/egoiste-noir-70g;309;399;EGOISTE
241757;Кофе Egoiste Noir молотый, 250г;https://online.metro-cc.ru/products/egoiste-naturalnyj-zharenyj-250g;499;669;EGOISTE
595387373;Кофе в капсулах Absolut Drive Latte Macchiato with caramel для кофемашин Dolce Gusto 16шт, 168г;https://online.metro-cc.ru/products/8shth6g8shth15g-kofe-absolut-latte-karamel-kapsuly-dg;419;469;ABSOLUT
483056;Кофе Nescafe Gold Barista растворимый сублимированный с добавлением натурального молотого кофе, 400г;https://online.metro-cc.ru/products/art-619918;1249;1829;NESCAFE
517700;Кофе Lavazza Rossa в зернах, 1кг;https://online.metro-cc.ru/products/v-zernah-lavazza-rossa-1kg;2089;-;LAVAZZA
502688;aro Кофе 3в1 классик (100 пакетиков x 16г), 1.6кг;https://online.metro-cc.ru/products/aro-3v1-klassik-100h16g;609;-;ARO
90040;Кофе Lavazza Crema e Gusto Classico молотый, 250г;https://online.metro-cc.ru/products/lavazza-naturalnyj-zharenyj-crema-e-gusto-250g;469;-;LAVAZZA
601741083;Кофе Egoiste Truffle молотый, 250г;https://online.metro-cc.ru/products/250g-kofe-egoiste-truffle-molotyy;399;609;EGOISTE
3595984;RIOBA Кофе в капсулах Dolce Gusto Latte Macciato 8 порций 16 капсул, 192г;https://online.metro-cc.ru/products/192g-kofe-v-kaps-rioba-dolce-gusto-latte-macc;399;519;RIOBA
604906750;Кофе Monarch Crema растворимый, 95г;https://online.metro-cc.ru/products/kofe-monarch-crema-rastvorimyy-95g;349;399;MONARCH
368959153;Кофе Egoiste Private растворимый, 100г;https://online.metro-cc.ru/products/100g-kofe-egoiste-private-rastvorimyy;1299;-;EGOISTE
607468894;Кофе в капсулах Coffesso Capuccino Crema для кофемашин Dolce Gusto 16шт, 192г;https://online.metro-cc.ru/products/8shth8g8shth16g-kofe-coffesso-sappuccino-crema-kapsuly;459;559;COFFESSO
604900969;Кофе Illy без кофеина в зернах, 250г;https://online.metro-cc.ru/products/kofe-illy-bez-kofeina-zernovoy-250g;1149;1229;ILLY
603204415;Кофе в капсулах Verle Classic Solid для кофемашин Nespresso 10шт, 55г;https://online.metro-cc.ru/products/kofe-verle-classic-solid-v-kapsulah-55g-x-10sht-55g;359;-;VERLE
537899;Кофе Bushido Sensei молотый, 227г;https://online.metro-cc.ru/products/art-59002;739;-;BUSHIDO
579724;Кофе Ambassador Gold Label в зернах, 1кг;https://online.metro-cc.ru/products/ambassador-gold-label-v-zernah-1000g;1029;1099;AMBASSADOR
603140146;Кофе Verle Central America в дрип-пакетах 6шт, 66г;https://online.metro-cc.ru/products/6shth11g-kofe-verle-central-america-v-drip-paketah;419;-;VERLE
603219742;Кофе Tchibo Gold selection растворимый, 95г;https://online.metro-cc.ru/products/95g-kofe-tchibo-gold-selection-rastvorimyy-stb;289;329;TCHIBO
607836557;Кофе L’or Crema Absolu Classique в зернах, 1кг;https://online.metro-cc.ru/products/kofe-lor-crema-absolu-classique-v-zernah-1kg;2029;-;L'OR
607373635;Кофе Jardin Капучино 3в1 (18г x 8шт), 144г;https://online.metro-cc.ru/products/8shth18g-kofe-jardin-kapuchino-3v1;294;-;JARDIN
530558;Кофе Julius Meinl Caffe Crema Intenso Trend Collection в зернах, 1кг;https://online.metro-cc.ru/products/v-zernah-julius-meinl-krema-intenso-trend-kollekciya-1000g;1349;1669;JULIUS MEINL
607835462;Кофе Monarch Gold растворимый, 500г;https://online.metro-cc.ru/products/kofe-monarch-gold-rastvorimyy-500g;1199;1549;MONARCH
604948469;Кофе Жокей триумф растворимый, 450г;https://online.metro-cc.ru/products/450g-kofe-zhokey-triumf-rastvorimyy;1189;-;ЖОКЕЙ
208776;Кофе Jardin Colombia Medelin растворимый сублимированный, 150г;https://online.metro-cc.ru/products/jardin-sublimirovannyj-colombia-medelin-150g;499;-;JARDIN
520832;Кофе Nescafe Gold растворимый сублимированный с добавлением натурального жареного молотого кофе, 750г x 6 шт;https://online.metro-cc.ru/products/nescafe-gold-rastvorimyj-sublimirovannyj-750g;12594;-;NESCAFE
559914;Кофе Dallmayr Classic молотый, 250г;https://online.metro-cc.ru/products/dallmayr-classic-250-g;459;-;DALLMAYR
535333;Кофе Kimbo Caffe crema classico light в зернах, 1кг;https://online.metro-cc.ru/products/kimbo-dolche-krem-1kg;1599;1909;KIMBO
607272219;Кофе Monarch Original жареный в зернах, 230г;https://online.metro-cc.ru/products/230g-kofe-monarch-original-zharenyy-v-zyornah;349;469;MONARCH
604905160;Кофе Monarch Original растворимый, 500г;https://online.metro-cc.ru/products/kofe-monarch-original-rastvorimyy-500g;1149;1699;MONARCH
168408;Кофе Julius Meinl Эспрессо в зернах, 500г;https://online.metro-cc.ru/products/julius-meinl-v-zernah-naturalnyj-zharenyj-president-grande-espresso-500g;1369;-;JULIUS MEINL
600954229;Кофе MacCoffee Arabica растворимый, 100г;https://online.metro-cc.ru/products/100g-kofe-maccoffee-arabica-rastvorimyy-stb;249;297;MACCOFFEE
556826;Кофе Bushido Red Katana в зернах, 1кг;https://online.metro-cc.ru/products/bushido-red-1000g;2199;-;BUSHIDO
601741138;Кофе Jardin Gold растворимый, 240г;https://online.metro-cc.ru/products/240g-kofe-jardin-gold-rastvorimyy;849;-;JARDIN
372713;RIOBA Кофе в капсулах Cremoso для кофемашин Nespresso 11шт, 55г;https://online.metro-cc.ru/products/rioba-dlya-kofemashin-cremoso-11x5g;229;297;RIOBA
208353;Кофе Ambassador Platinum растворимый, 190г;https://online.metro-cc.ru/products/ambassador-platinum-190g;479;549;AMBASSADOR
591994107;Кофе в капсулах Carraro Intenso для кофемашин Nespresso 10шт, 55г;https://online.metro-cc.ru/products/10shtx55g-kofe-carraro-v-alyum-kapsulah-intenso;369;439;CARRARO
225826;Кофе Nescafe Gold Barista растворимый, 85г;https://online.metro-cc.ru/products/nescafe-gold-v-rastvorimom-barista-85g;339;359;NESCAFE
559470;Кофе Жокей Caffe Italiano молотый, 250г;https://online.metro-cc.ru/products/art-50642;369;-;ЖОКЕЙ
480351;Кофе Жокей Фаворит растворимый гранулированный, 75г;https://online.metro-cc.ru/products/zhokej-favorit-granulirovannyj150-g;249;-;ЖОКЕЙ
498601;Кофе Kimbo Espresso в зернах, 1кг;https://online.metro-cc.ru/products/kimbo-espresso-v-zernah-1-kg;1899;1999;KIMBO
503309;Кофе Jardin Эспрессо ди Милано в зернах, 1кг;https://online.metro-cc.ru/products/jardin-v-zernah-naturalnyj-zharenyj-espresso-di-milano-1kg;1399;-;JARDIN
593855;Кофе Egoiste гранд крю в зернах, 1кг;https://online.metro-cc.ru/products/kofe-v-zernah-egoiste-grand-kryu-1kg;1899;2419;EGOISTE
603237407;Кофе Fresco Horeca arabica в зернах, 1кг;https://online.metro-cc.ru/products/1kg-kofe-fresco-horeca-arabica-zerno;1189;1379;FRESCO
566701;Кофе Bushido Specialty молотый, 227г;https://online.metro-cc.ru/products/art-75973;599;749;BUSHIDO
148289;Кофе Московская кофейня на паяхъ Суаре растворимый сублимированный, 95г;https://online.metro-cc.ru/products/moskovskaya-kofejnya-na-payah-sublimirovannyj-suare-95g;269;409;МОСКОВСКАЯ КОФЕЙНЯ НА ПАЯХЪ
373088;RIOBA Кофе в капсулах Decaffeinato без кофеина для кофемашин Nespresso 11шт, 55г;https://online.metro-cc.ru/products/rioba-dlya-kofemashin-decaffein-11x5g;229;297;RIOBA
502488;aro Кофе растворимый сублимированный, 900г;https://online.metro-cc.ru/products/aro-sublimirovannyj-900g;1429;-;ARO
445140;Кофе Lavazza Crema e Aroma натуральный жареный в зернах, 1кг;https://online.metro-cc.ru/products/lavazza-v-zernah-naturalnyj-zharenyj-crema-e-aroma-1kg;2199;-;LAVAZZA
607502957;Кофе Живой кофе Mokka Африка зерновой, 800г;https://online.metro-cc.ru/products/800g-zhivoy-kofe-mokka-afrika-zerno;1529;-;ЖИВОЙ КОФЕ
607373655;Кофе Jardin Американо 3в1 (15г x 8шт), 120г;https://online.metro-cc.ru/products/8shth15g-kofe-jardin-amerikano-3v1;269;-;JARDIN
185671;Кофе Fresco Arabica Blend натуральный растворимый, 100г;https://online.metro-cc.ru/products/fresco-naturalnyj-arabica-blend-100g;269;369;FRESCO
601246913;Кофе Carraro Cafe crema в зернах, 1кг;https://online.metro-cc.ru/products/1kg-kofe-carraro-caffe-crema-v-zernah;1599;1709;CARRARO
560499835;Кофе Poetti Daily Mokka молотый, 250г;https://online.metro-cc.ru/products/250g-kofe-poetti-daily-mokka-molotyy;269;319;POETTI
607403593;Кофе Monarch Espresso натуральный жареный в зернах, 1кг;https://online.metro-cc.ru/products/1kg-kofe-monarch-espresso-zharenyy-v-zyornah;1399;1909;MONARCH
612503;Кофе Jardin Columbia Supremo молотый, 250г;https://online.metro-cc.ru/products/250g-jardin-kolumbiya-supremo-mol;669;-;JARDIN
479681;Кофе Egoiste Noir в зернах, 250г x 12 шт;https://online.metro-cc.ru/products/egoiste-noir-zernovoj-250g;8028;-;EGOISTE
595935453;Кофе Monarch Original растворимый, 190г;https://online.metro-cc.ru/products/190g-kofe-monarch-original-rastvorimyy-st;499;719;MONARCH
607369875;Кофе Monarch Original растворимый, 75г;https://online.metro-cc.ru/products/kofe-monarch-original-rastvorimyy-75g;239;279;MONARCH
608943676;Кофе Alta Roma Blend №5, 1кг;https://online.metro-cc.ru/products/kofe-alta-roma-blend-5-1kg;1369;1529;ALTA ROMA
601739378;Кофе Egoiste Captain в зернах, 1кг;https://online.metro-cc.ru/products/1kg-kofe-egoiste-captain-v-zernah;1699;2369;EGOISTE
506800;Кофе Jardin Bravo Бразилия в зернах, 1кг;https://online.metro-cc.ru/products/jardin-bravo-braziliya-1kg;2309;-;JARDIN
537991;Кофе Egoiste Velvet растворимый, 95г;https://online.metro-cc.ru/products/egoiste-velvet-95g;1099;-;EGOISTE
601742853;Кофе Жокей Imperial растворимый, 75г;https://online.metro-cc.ru/products/75g-kofe-zhokey-imper-rastvorimyy;211;-;ЖОКЕЙ
601741108;Кофе Jardin Original Oro молотый, 250г;https://online.metro-cc.ru/products/250g-kofe-jardin-original-oro-molotyy;569;-;JARDIN
511215;Кофе в капсулах L’or Espresso Ristretto для кофемашин Nespresso 10шт, 52г;https://online.metro-cc.ru/products/l-rsquoor-ristretto-52-g;379;439;L'OR
595935478;Кофе Monarch Milligrano растворимый с добавлением молотого, 120г;https://online.metro-cc.ru/products/120g-kofe-monarch-miligrano-rastv-c-dob-molotogo;339;399;MONARCH
119162;aro Кофе растворимый сублимированный, 80г;https://online.metro-cc.ru/products/sublimirovannyj-aro-80g;159;-;ARO
601742858;Кофе Жокей Фаворит растворимый, 95г;https://online.metro-cc.ru/products/95g-kofe-zhokey-favorit-rastvorimyy-stb;269;-;ЖОКЕЙ
603221377;Кофе Tchibo Gold selection молотый, 250г;https://online.metro-cc.ru/products/250g-kofe-tchibo-gold-selection-molotyy;279;309;TCHIBO
607466519;Кофе Coffesso Ethiopia Origin молотый (10г x 5шт), 50г;https://online.metro-cc.ru/products/5shth10g-kofe-coffesso-ethiopia-origin-molotyy-drip-paket;199;219;COFFESSO
567592;Кофе Egoiste Arabica Premium натуральный жареный в зернах, 1кг x 4 шт;https://online.metro-cc.ru/products/v-zernah-egoiste-noir-100-arabika-1kg;8396;-;EGOISTE
607505817;RIOBA Кофе в капсулах Dolce Gusto Capuccino 8 порций 16 капсул, 192г х 3 шт;https://online.metro-cc.ru/products/rioba-kofe-v-kapsulah-dolce-gusto-capuccino-8-portsiy-16-kapsul-192g-h-3-sht;1587;-;RIOBA
560399700;Кофе Poetti Leggenda Oro в зернах, 1кг;https://online.metro-cc.ru/products/1kg-kofe-poetti-leggenda-oro-v-zernah;1399;1669;POETTI
509943429;Кофе Lebo Classic Original жареный в зернах, 100г;https://online.metro-cc.ru/products/100g-kofe-lebo-original-zharenyy-v-zernah;129;154;LEBO CLASSIC
93300;Кофе Carte Noire Original растворимый сублимированный, 190г;https://online.metro-cc.ru/products/carte-noire-sublimirovannyj-original-190g;949;1119;CARTE NOIRE
463008;Кофе Bushido Kodo растворимый, 95г;https://online.metro-cc.ru/products/bushido-v-kristallah-kodo-95g;649;989;BUSHIDO
560305470;Кофе Poetti Leggenda Ruby в зернах, 1кг;https://online.metro-cc.ru/products/1kg-kofe-poetti-leggenda-ruby-v-zernah;1399;1669;POETTI
225798;Кофе Jardin Colombia Supremo натуральный жареный в зернах, 1кг;https://online.metro-cc.ru/products/jardin-v-zernah-naturalnyj-zharenyj-colombia-supremo-1kg;1989;-;JARDIN
604904149;Кофе Illy без кофеина молотый, 250г;https://online.metro-cc.ru/products/kofe-illy-bez-kofeina-molotyy-250g;1149;1229;ILLY
560399745;Кофе Poetti Daily Arabica в зернах, 1кг;https://online.metro-cc.ru/products/1kg-kofe-poetti-daily-arabica-v-zernah;1299;1489;POETTI
595933578;Кофе Monarch Лесной орех растворимый, 95г;https://online.metro-cc.ru/products/95g-kofe-monarch-lesnoy-oreh-rastvorimyy-st;369;459;MONARCH
143374;Кофе Nescafe Gold растворимый, 95г;https://online.metro-cc.ru/products/nescafe-gold-steklo-95g-415027;319;-;NESCAFE
605021538;Кофе Julius Meinl без кофеина зерновой, 500г;https://online.metro-cc.ru/products/kofe-julius-meinl-bez-kofeina-zernovoy-500g;2089;-;JULIUS MEINL
1464855;Напиток кофейный Nescafe Classic 3в1 20 пакетиков, 290г;https://online.metro-cc.ru/products/20x145g-kofejnyj-napitok-nescafe-3v1-klassik;249;309;NESCAFE
538485;Кофе Kimbo Integrity Bio в зернах, 1кг;https://online.metro-cc.ru/products/kimbo-integrity-bio-1-kg;2569;-;KIMBO
593976;Кофе Carraro Qualita Oro в зернах, 500г;https://online.metro-cc.ru/products/v-zernah-carraro-qualita-oro-500-g;1249;-;CARRARO
530167;Кофе Julius Meinl Сaffe Crema Premium Collection в зернах, 1кг;https://online.metro-cc.ru/products/julius-meinl-krema-premium-1kg;1699;2089;JULIUS MEINL
601739383;Кофе Egoiste Voyage в зернах, 1кг;https://online.metro-cc.ru/products/1kg-kofe-egoiste-voyage-v-zernah;1699;2309;EGOISTE
605166254;Кофе Miscela D'Oro Espresso Gran Crema в зернах, 1кг;https://online.metro-cc.ru/products/kofe-miscela-doro-espresso-gran-crema-v-zernah-1kg;2499;2699;MISCELA D'ORO
591995482;Кофе в капсулах Carraro Decerato для кофемашин Nespresso 10шт, 55г;https://online.metro-cc.ru/products/10shtx55g-kofe-carraro-v-alyum-kapsulah-decerato;389;439;CARRARO
574163812;Кофе Julius Meinl Espresso Gran Aroma в зернах, 1кг;https://online.metro-cc.ru/products/1kg-kofe-julius-meinl-espresso-gran-aroma-zerno;2099;-;JULIUS MEINL
581437;Кофе Julius Meinl Юбилейный классическая коллекция в зернах, 1кг;https://online.metro-cc.ru/products/yubilejnyj-julius-meinl-1000g;1599;1869;JULIUS MEINL
612107;Кофе в капсулах Jardin Vanillia Rich&Sweet для кофемашин Nespresso 10шт, 50г;https://online.metro-cc.ru/products/10h5g-jardin-vanillia;279;409;JARDIN
463315;Кофе Жокей Импер растворимый, 95г;https://online.metro-cc.ru/products/art-599055;259;-;ЖОКЕЙ
601741153;Кофе Жокей Gold растворимый, 95г;https://online.metro-cc.ru/products/95g-kofe-zhokey-gold-rastvorimyy-stb;319;-;ЖОКЕЙ
607441520;Кофе в капсулах Monarch Espresso 7 Classico для кофемашин Nespresso 10шт, 52г;https://online.metro-cc.ru/products/10shth52g-kofe-monarch-espresso-7-classico-molotyy-kapsuly;299;389;MONARCH
603205245;Кофе в капсулах Verle Classic Decaf для кофемашин Nespresso 10шт, 55г;https://online.metro-cc.ru/products/kofe-verle-classic-decaf-v-kapsulah-55g-x-10sht-55g;389;-;VERLE
595933573;Кофе Monarch Original жареный молотый, 230г;https://online.metro-cc.ru/products/230g-kofe-monarch-original-zharenyy-molotyy;369;-;MONARCH
591994112;Кофе в капсулах Carraro Ristretto для кофемашин Nespresso 10шт, 55г;https://online.metro-cc.ru/products/10shtx55g-kofe-carraro-v-alyum-kapsulah-ristretto;369;439;CARRARO
88452;aro Кофе растворимый сублимированный, 80г x 2 шт;https://online.metro-cc.ru/products/aro-sublimirovannyj-80g-2-sht;318;-;ARO
623852;Кофе Nescafe Gold растворимый сублимированный с добавлением натурального жареного молотого кофе, 900г;https://online.metro-cc.ru/products/kofe-nescafe-gold-rastvorimiy-sublimirovanniy-s-dobavleniem-naturalnogo-zharenogo-molotogo-kofe-900g;2269;-;NESCAFE
600954869;Напиток кофейный MacCoffee 3в1 со сгущенным молоком порционный (20г x 10шт), 200г;https://online.metro-cc.ru/products/10shth20g-kofe-maccoffee-3v1-sguschennoe-moloko-portsionnyy;129;139;MACCOFFEE
607504457;Кофе Живой кофе Rio-Rio Бразилия зерновой, 800г;https://online.metro-cc.ru/products/800g-zhivoy-kofe-rio-rio-braziliya-zerno;1529;-;ЖИВОЙ КОФЕ
607466414;Кофе в капсулах Coffesso Americano Gold для кофемашин Dolce Gusto 16шт, 128г;https://online.metro-cc.ru/products/16shth8g-kofe-coffesso-americano-gold-kapsuly;459;549;COFFESSO
210927;Кофе Dallmayr Ethiopia в зернах, 500г;https://online.metro-cc.ru/products/molotyj-dallmayr-efiopiya-500g;1099;1419;DALLMAYR
629608;Кофе Nescafe Classic растворимый, 320г;https://online.metro-cc.ru/products/320g-nescafe-classic-paket;499;579;NESCAFE
607373620;Кофе Jardin Латте 3в1 (18г x 8шт), 144г;https://online.metro-cc.ru/products/8shth18g-kofe-jardin-latte-3v1;269;-;JARDIN
241745;Кофе Bushido Red Katana растворимый сублимированный, 100г;https://online.metro-cc.ru/products/art-508637;1029;-;BUSHIDO
600926921;Кофе Carte Noire Elegant растворимый, 95г;https://online.metro-cc.ru/products/95g-kofe-carte-noire-elegant-rastvorimyy-stb;479;559;CARTE NOIRE
584209;Кофе Bushido Black Katana в зернах, 1кг;https://online.metro-cc.ru/products/kofe-zernovoj-bushido-black-katana-1000g;2699;-;BUSHIDO
511482;Кофе в капсулах L’or Espresso Lungo Profondo для кофемашин Nespresso 10шт, 52г;https://online.metro-cc.ru/products/l-rsquoor-lungo-profondo-52-g;379;439;L'OR
471500;Кофе Illy средней обжарки в зернах, 250г;https://online.metro-cc.ru/products/v-zernah-illy-srednej-obzharki-250g;1149;;ILLY
613248544;Кофе Poetti Professional Aroma Vending зерновой, 1кг;https://online.metro-cc.ru/products/1kg-kofe-poetti-professional-aroma-vending-zernovoy;1279;-;POETTI
564291;Кофе Egoiste Double Espresso, 100г;https://online.metro-cc.ru/products/egoiste-double-espresso-100g;429;649;EGOISTE
607370405;Кофе Monarch Original растворимый (1.8г x 30шт), 54г;https://online.metro-cc.ru/products/kofe-monarch-original-rastvorimyy-18g-x-30sht-54g;269;429;MONARCH
592002582;Кофе в капсулах Lebo Espresso Milky для кофемашин Nespresso 40шт, 220г;https://online.metro-cc.ru/products/40shth55g-kofe-lebo-espresso-milky-banka;1190;1259;LEBO
133411954;Кофе Carte Noire Intense Absolu в зернах, 800г;https://online.metro-cc.ru/products/800g-kofe-carte-noire-intense-absolu-zernovoy;1199;1429;CARTE NOIRE
582721;Кофе Carraro Primo Mattino в зернах, 1кг;https://online.metro-cc.ru/products/v-zernah-carraro-primo-mattino-1-kg;1599;1689;CARRARO
600788305;Кофе в капсулах Carte Noire Colombia Origin для кофемашин Nespresso 10шт, 52г;https://online.metro-cc.ru/products/10shth52g-kofe-carte-noire-colombia-origin-v-kapsulah;379;449;CARTE NOIRE
604946914;Кофе Жокей крепкий растворимый 3в1 (12г x 50шт), 600г;https://online.metro-cc.ru/products/50shth12g-kofe-zhokey-krepkiy-3v1-rastvorimyy;479;-;ЖОКЕЙ
87725;RIOBA Кофе в зернах натуральный жареный 100% арабика Espresso, 1кг;https://online.metro-cc.ru/products/rioba-v-zernah-naturalnyj-zharenyj-100-arabika-espresso-1kg;1199;1539;RIOBA
407805;Кофе Jardin Americano Crema в зернах, 1кг;https://online.metro-cc.ru/products/jardin-americano-crema-1000-g;1399;-;JARDIN
438533;Кофе Egoiste Arabica Premium натуральный жареный в зернах, 1кг;https://online.metro-cc.ru/products/egoiste-v-zernah-naturalnyj-zharenyj-arabica-premium-1kg;1499;2099;EGOISTE
604949200;Кофе D'Arte Original растворимый, 100г;https://online.metro-cc.ru/products/100g-kofe-darte-original-rastvorimyy;399;469;D'ARTE
605046768;Кофе Жокей классический 3в1 растворимый (12г x 50шт), 600г;https://online.metro-cc.ru/products/kofe-zhokey-klassicheskiy-3v1-rastvorimyy-12g-x-50sht-600g;509;-;ЖОКЕЙ
539603;Кофе Julius Meinl Президент классическая коллекция в зернах, 1кг;https://online.metro-cc.ru/products/julius-meinl-prezident-1000g;1499;1789;JULIUS MEINL
182092;Кофе Fresco Arabica Solo растворимый, 100г;https://online.metro-cc.ru/products/fresco-arabika-100g;269;369;FRESCO
595932058;Кофе Monarch карамель растворимый, 95г;https://online.metro-cc.ru/products/95g-kofe-monarch-karamel-rastvorimyy-st;369;459;MONARCH
94255;Кофе Lavazza Qualita Rossa молотый, 250г;https://online.metro-cc.ru/products/lavazza-rossa-250g;559;-;LAVAZZA
607370365;Кофе Monarch Miligrano растворимый с молотым, 70г;https://online.metro-cc.ru/products/kofe-monarch-miligrano-rastvorimyy-s-molotym-70g;249;389;MONARCH
607505827;RIOBA Кофе в капсулах Dolce Gusto Espresso 16шт, 112г х 3 шт;https://online.metro-cc.ru/products/rioba-kofe-v-kapsulah-dolce-gusto-espresso-16sht-112g-h-3-sht;1587;-;RIOBA
600788315;Кофе Lebo Extra в зернах, 1кг;https://online.metro-cc.ru/products/1kg-kofe-lebo-extra-v-zernah;1190;1419;LEBO
538066;Кофе Bushido Red Katana молотый, 227г;https://online.metro-cc.ru/products/art-59004;669;-;BUSHIDO
372900;Кофе Alta Roma Intenso в зернах, 1кг;https://online.metro-cc.ru/products/kofe-alta-roma-intenso-v-zernakh-1kg;1269;1339;ALTA ROMA
537861;Кофе Bushido Red Katana в зернах, 227г;https://online.metro-cc.ru/products/art-59005;679;-;BUSHIDO
603139926;Кофе Verle Africa в дрип-пакетах 6шт, 66г;https://online.metro-cc.ru/products/6shth11g-kofe-verle-africa-v-drip-paketah;419;-;VERLE
507518;Кофе Egoiste Velvet в зернах, 200г;https://online.metro-cc.ru/products/egoiste-velvet-200-g;429;679;EGOISTE
217159;Кофе Jacobs Monarch растворимый сублимированный, 75г;https://online.metro-cc.ru/products/jacobs-monarch-sublimirovannyj-75g;239;299;JACOBS
601741178;Кофе Jardin Kenya Kilimanjaro растворимый, 75г;https://online.metro-cc.ru/products/75g-kofe-jardin-keniya-kilimandzharo-rastvorimyy;249;-;JARDIN
607467644;Кофе Coffesso Allure зерновой, 1кг;https://online.metro-cc.ru/products/1kg-kofe-coffesso-allure-zerno;1199;1429;COFFESSO
90034;Кофе Lavazza Qualita Oro молотый, 250г;https://online.metro-cc.ru/products/lavazza-naturalnyj-zharenyj-oro-250g;669;-;LAVAZZA
510964;Кофе в капсулах L’or Espresso Forza для кофемашин Nespresso 10шт, 52г;https://online.metro-cc.ru/products/l-rsquoor-espr-forza-52-g;379;439;L'OR
463795;Кофе Jacobs Gold растворимый сублимированный, 95г;https://online.metro-cc.ru/products/jacobs-sublimirovannyj-gold-95g;399;439;JACOBS
600784865;Кофе Lebo Classic в зернах, 250г;https://online.metro-cc.ru/products/250g-kofe-lebo-classic-v-zernah;299;349;LEBO
604897947;Кофе Nescafe Classic растворимый порошкообразный с добавлением натурального жареного молотого кофе, 750г;https://online.metro-cc.ru/products/750g-kofe-nescafe-classic-rastvorimyy;1709;-;NESCAFE
206514;Кофе Bushido Original растворимый, 100г;https://online.metro-cc.ru/products/bushido-sublimirovannyj-original-100g;649;899;BUSHIDO
471501;Кофе Illy средней обжарки молотый, 250г;https://online.metro-cc.ru/products/illy-srednej-obzharki-250g;1149;;ILLY
573978682;Кофе Julius Meinl Espresso Deluxe в зернах, 1кг;https://online.metro-cc.ru/products/1kg-kofe-julius-meinl-espresso-deluxe-zerno;2379;-;JULIUS MEINL
596069877;Кофе MacCoffee Capuccino Di torino растворимый (25.5г x 20шт), 510г;https://online.metro-cc.ru/products/20shtx255g-kofe-maccoffee-cappuccino-di-torino-rastv;379;449;MACCOFFEE
537020;Кофе Bushido Kodo растворимый, 95г x 9 шт;https://online.metro-cc.ru/products/bushido-kodo-rastvorimyj-95g;8901;-;BUSHIDO
607468849;Кофе Coffesso Crema зерновой, 1кг;https://online.metro-cc.ru/products/1kg-kofe-coffesso-crema-zerno;1039;1239;COFFESSO
562710560;Кофе Carte Noire Original молотый, 230г;https://online.metro-cc.ru/products/230g-kofe-carte-noire-original-molotyy;439;469;CARTE NOIRE
93413;Кофе Nescafe Gold растворимый, 190г;https://online.metro-cc.ru/products/nescafe-sublimirovannyj-gold-190g;539;799;NESCAFE
559689;Кофе Dallmayr Crema Prodomo в зернах, 1кг;https://online.metro-cc.ru/products/dallmayr-crema-prodomo-v-zernah-1000-g;1999;2419;DALLMAYR
85051;Кофе Московская кофейня на паяхъ Арабика растворимый сублимированный, 95г;https://online.metro-cc.ru/products/moskovskaya-kofejnya-na-payah-sublimirovannyj-arabika-95g;361;549;МОСКОВСКАЯ КОФЕЙНЯ НА ПАЯХЪ
593931;Кофе Carraro Arabica 100% в зернах, 500г;https://online.metro-cc.ru/products/v-zernah-carraro-arabica-100-500-g;1309;-;CARRARO
591995487;Кофе в капсулах Lebo Espresso Italiano для кофемашин Nespresso 40шт, 220г;https://online.metro-cc.ru/products/40shth55g-kofe-lebo-espresso-italiano-banka;1190;1259;LEBO
558897;Кофе Dallmayr Prodomo молотый, 250г;https://online.metro-cc.ru/products/dallmayr-prodomo-250-g;669;-;DALLMAYR
311607226;Кофе Origo Professional Star эспрессо в зернах, 1кг;https://online.metro-cc.ru/products/1kg-kofe-origo-professional-star-espresso-zerno;1869;-;ORIGO
463777;Кофе Jardin Kenya Kilimanjaro растворимый сублимированный, 150г;https://online.metro-cc.ru/products/jardin-kenya-kilimanjaro-sublimirovannyj-150g;499;-;JARDIN
578538;Кофе Jardin Eclair в зернах, 1кг;https://online.metro-cc.ru/products/jardin-eclair-1000g;1699;-;JARDIN
105294;Кофе Jardin Dessert Сup молотый натуральный жареный, 250г;https://online.metro-cc.ru/products/jardin-naturalnyj-zharenyj-dessert-sup-250g;569;-;JARDIN
601742783;Кофе Piazza del Caffe Crema Vellutata в зернах, 1кг;https://online.metro-cc.ru/products/1kg-kofe-piazza-del-caffe-crema-vellutata-zerno;1179;-;PIAZZA DEL CAFFE
190106;Кофе Julius Meinl Президент в зернах, 500г;https://online.metro-cc.ru/products/julius-meinl-v-zernah-naturalnyj-zharenyj-president-500g;749;889;JULIUS MEINL
583255;Кофе Carraro Crema Italiano в зернах, 1кг;https://online.metro-cc.ru/products/v-zernah-caffe-carraro-crema-italiano-1-kg;1599;1689;CARRARO
604952475;Кофе D'Arte Light растворимый, 100г;https://online.metro-cc.ru/products/100g-kofe-darte-light-rastvorimyy;399;419;D'ARTE
607504392;RIOBA Кофе в капсулах Dolce Gusto Grande Intenso 16шт, 112г х 3 шт;https://online.metro-cc.ru/products/rioba-kofe-v-kapsulah-dolce-gusto-grande-intenso-16sht-112g-h-3-sht;1587;-;RIOBA
428043;Кофе Carte Noire Original в зернах 800 г;https://online.metro-cc.ru/products/carte-noire-v-zernah-naturalnyj-zharenyj-800g;1249;1429;CARTE NOIRE
170575;Кофе Nescafe Gold растворимый, 95г x 12 шт;https://online.metro-cc.ru/products/nescafe-gold-steklo-95g-126369;3828;-;NESCAFE
608945381;Кофе Живой кофе арабика зерновой, 800г;https://online.metro-cc.ru/products/kofe-zhivoy-kofe-arabika-zernovoy-800g;999;1499;ЖИВОЙ КОФЕ
535770;Кофе Kimbo Extra Cream в зернах, 1кг;https://online.metro-cc.ru/products/kimbo-extra-cream-v-zernah-1-kg;1699;1789;KIMBO
600788225;Кофе Lebo Classic в зернах, 1кг;https://online.metro-cc.ru/products/1kg-kofe-lebo-classic-v-zernah;1190;1259;LEBO
241023;Кофе Черная Карта в зернах, 1кг;https://online.metro-cc.ru/products/chernaya-karta-paketirovannyj-1kg;949;1039;ЧЕРНАЯ КАРТА
595933513;Кофе Monarch Original растворимый, 95г;https://online.metro-cc.ru/products/95g-kofe-monarch-original-rastvorimyy-st;289;359;MONARCH
560305460;Кофе Poetti Daily Mokka в зернах, 1кг;https://online.metro-cc.ru/products/1kg-kofe-poetti-daily-mokka-v-zernah;999;1169;POETTI
630438;Кофе Nescafe Classic растворимый порошкообразный с добавлением натурального жареного молотого кофе, 900г;https://online.metro-cc.ru/products/900g-nescafe-classic;1299;1819;NESCAFE
90036;Кофе Lavazza Espresso Italiano Classico молотый, 250г;https://online.metro-cc.ru/products/lavazza-naturalnyj-zharenyj-espresso-250g;729;-;LAVAZZA
612353;Кофе Жокей По-восточному молотый, 450г;https://online.metro-cc.ru/products/450g-zhokej-po-vostochnomu-mol;449;729;ЖОКЕЙ
595387868;Кофе в капсулах Absolut Drive Americano Original для кофемашин Dolce Gusto 16шт, 128г;https://online.metro-cc.ru/products/16shth8g-kofe-absolut-amerikano-kapsuly-dg;399;469;ABSOLUT
3595979;RIOBA Кофе в капсулах Dolce Gusto Capuccino 8 порций 16 капсул, 192г;https://online.metro-cc.ru/products/192g-kofe-v-kaps-rioba-dolce-gusto-cappuccino;379;519;RIOBA
